eps,cold_iters,warm_iters,iters_saved,cold_time_s,warm_time_s,time_saved_s
0.0,27,1,26,0.01455830002669245,0.0006784999277442694,0.01387980009894818
0.005,27,1,26,0.01304679992608726,0.0003706999123096466,0.012676100013777614
0.01,27,18,9,0.011098099988885224,0.01057699997909367,0.000521100009791553
0.02,27,19,8,0.011969399987719953,0.007857199991121888,0.004112199996598065
0.05,27,20,7,0.012150099966675043,0.012031299993395805,0.00011879997327923775
0.1,27,20,7,0.026857999968342483,0.01859290001448244,0.008265099953860044
