eps,cold_iters,warm_iters,iters_saved,cold_time_s,warm_time_s,time_saved_s
0.0,27,1,26,0.007020799908787012,0.00022769998759031296,0.006793099921196699
0.005,27,1,26,0.0069073999766260386,0.0002855999628081918,0.006621800013817847
0.01,27,18,9,0.00728949997574091,0.00410539994481951,0.0031841000309213996
0.02,27,19,8,0.006289400043897331,0.004611799959093332,0.0016776000848039985
0.05,27,20,7,0.007144800038076937,0.0044077999191358685,0.0027370001189410686
0.1,27,20,7,0.007679099915549159,0.006310999975539744,0.0013680999400094151
